{
  "annotations": {
    "list": [
      {
        "builtIn": 1,
        "datasource": "-- Grafana --",
        "enable": true,
        "hide": true,
        "iconColor": "rgba(0, 211, 255, 1)",
        "name": "Annotations & Alerts",
        "type": "dashboard"
      }
    ]
  },
  "editable": true,
  "gnetId": null,
  "graphTooltip": 0,
  "id": 2,
  "links": [],
  "panels": [
    {
      "datasource": "Elasticsearch",
      "gridPos": {
        "h": 9,
        "w": 12,
        "x": 0,
        "y": 0
      },
      "id": 2,
      "options": {
        "fieldOptions": {
          "calcs": [
            "lastNotNull"
          ],
          "defaults": {
            "mappings": [],
            "max": 100,
            "min": 0,
            "thresholds": [
              {
                "color": "green",
                "value": null
              },
              {
                "color": "yellow",
                "value": 50
              }
            ],
            "unit": "decbytes"
          },
          "override": {},
          "values": false
        },
        "orientation": "auto",
        "showThresholdLabels": true,
        "showThresholdMarkers": true
      },
      "pluginVersion": "6.5.0",
      "targets": [
        {
          "bucketAggs": [
            {
              "fake": true,
              "field": "host.name",
              "id": "3",
              "settings": {
                "min_doc_count": 1,
                "order": "desc",
                "orderBy": "_term",
                "size": "10"
              },
              "type": "terms"
            },
            {
              "field": "@timestamp",
              "id": "2",
              "settings": {
                "interval": "auto",
                "min_doc_count": 0,
                "trimEdges": 0
              },
              "type": "date_histogram"
            }
          ],
          "metrics": [
            {
              "field": "system.memory.actual.used.bytes",
              "id": "1",
              "meta": {},
              "settings": {},
              "type": "avg"
            }
          ],
          "query": "memory",
          "refId": "A",
          "timeField": "@timestamp"
        }
      ],
      "timeFrom": null,
      "timeShift": null,
      "title": "System memory used in bytes",
      "type": "gauge"
    }
  ],
  "schemaVersion": 21,
  "style": "dark",
  "tags": [],
  "templating": {
    "list": []
  },
  "time": {
    "from": "now-6h",
    "to": "now"
  },
  "timepicker": {
    "refresh_intervals": [
      "5s",
      "10s",
      "30s",
      "1m",
      "5m",
      "15m",
      "30m",
      "1h",
      "2h",
      "1d"
    ]
  },
  "timezone": "",
  "title": "System memory used in bytes",
  "uid": "n3tsMLEMz",
  "version": 1
}
